{
  "0": {
    "name": "Molecular & Cell Biology",
    "color": "#e74c3c",
    "x_min": -14.334938049316406,
    "x_max": 15.252473831176758,
    "y_min": -10.743565559387207,
    "y_max": 17.705467224121094,
    "count": 10617
  },
  "1": {
    "name": "Genetics & Genomics",
    "color": "#3498db",
    "x_min": -15.535468101501465,
    "x_max": 17.54852294921875,
    "y_min": -12.254559516906738,
    "y_max": 18.710420608520508,
    "count": 3610
  },
  "2": {
    "name": "Immunology & Inflammation",
    "color": "#2ecc71",
    "x_min": -16.373844146728516,
    "x_max": 14.626508712768555,
    "y_min": -18.438396453857422,
    "y_max": 17.857511520385742,
    "count": 9802
  },
  "3": {
    "name": "In Vivo & Translational",
    "color": "#f39c12",
    "x_min": -14.061872482299805,
    "x_max": 15.339275360107422,
    "y_min": -16.994298934936523,
    "y_max": 11.647769927978516,
    "count": 3480
  },
  "4": {
    "name": "Clinical & Behavioral",
    "color": "#9b59b6",
    "x_min": -15.711200714111328,
    "x_max": 14.003609657287598,
    "y_min": -14.021021842956543,
    "y_max": 13.209461212158203,
    "count": 15811
  }
}